{
	"parts1": {
		"0": {
			"x": -186.85,
			"y": -4.25,
			"r": 60.00077819824219,
			"g": "BallClipMsg",
			"scaleX": 0.8585205078125,
			"scaleY": 0.8584747314453125
		},
		"1": {
			"x": 181.75,
			"y": -4.25,
			"r": 180,
			"g": "BallClipMsg",
			"scaleX": 0.8585205078125,
			"scaleY": 0.8584747314453125
		},
		"2": {
			"x": -154.55,
			"y": -37.05,
			"r": 0,
			"g": "txt2",
			"scaleX": 1,
			"scaleY": 1
		}
	},
	"parts2": {
		"0": {
			"x": -128.65,
			"y": -70.1,
			"r": 0,
			"g": "txt0",
			"scaleX": 1,
			"scaleY": 1
		},
		"1": {
			"x": -239.3,
			"y": -0.1,
			"r": 0,
			"g": "txt1",
			"scaleX": 1,
			"scaleY": 1
		},
		"2": {
			"x": -163.75,
			"y": -14.55,
			"r": 15.001373291015625,
			"g": "BallClipMsg",
			"scaleX": 1.8005828857421875,
			"scaleY": 1.800506591796875
		},
		"3": {
			"x": 161.15,
			"y": -7.25,
			"r": 165.00106811523438,
			"g": "BallClipMsg",
			"scaleX": 1.8005523681640625,
			"scaleY": 1.8004913330078125
		}
	},
	"parts3": {
		"0": {
			"x": -130.05,
			"y": -59.7,
			"r": 0,
			"g": "txt0",
			"scaleX": 1,
			"scaleY": 1
		},
		"1": {
			"x": -130.05,
			"y": 10.3,
			"r": 0,
			"g": "txt1",
			"scaleX": 1,
			"scaleY": 1
		},
		"2": {
			"x": 119.3,
			"y": -2.1,
			"r": 105.00054931640625,
			"g": "BallClipMsg",
			"scaleX": 1.6605987548828125,
			"scaleY": 1.6605987548828125
		}
	},
	"parts4": {
		"0": {
			"x": -153.25,
			"y": -33.5,
			"r": 0,
			"g": "txt0",
			"scaleX": 1,
			"scaleY": 1
		},
		"1": {
			"x": -0.5,
			"y": -27.9,
			"r": 75.00270080566406,
			"g": "BallClipMsg",
			"scaleX": 2.37860107421875,
			"scaleY": 2.3785400390625
		}
	},
	"parts5": {
		"0": {
			"x": -239.15,
			"y": -33.5,
			"r": 0,
			"g": "txt0",
			"scaleX": 1,
			"scaleY": 1
		},
		"1": {
			"x": -0.5,
			"y": -39.65,
			"r": 75.00270080566406,
			"g": "BallClipMsg",
			"scaleX": 3.0093536376953125,
			"scaleY": 3.0092926025390625
		}
	},
	"parts6": {
		"0": {
			"x": -186.45,
			"y": -33.5,
			"r": 0,
			"g": "txt0",
			"scaleX": 1,
			"scaleY": 1
		},
		"1": {
			"x": -162.5,
			"y": 9.35,
			"r": 75.00270080566406,
			"g": "BallClipMsg",
			"scaleX": 2.37860107421875,
			"scaleY": 2.3785400390625
		}
	},
	"parts7": {
		"0": {
			"x": -199.9,
			"y": -33.5,
			"r": 0,
			"g": "txt0",
			"scaleX": 1,
			"scaleY": 1
		},
		"1": {
			"x": -0.4,
			"y": -32.5,
			"r": 15.002182006835938,
			"g": "BallClipMsg",
			"scaleX": 2.6086273193359375,
			"scaleY": 2.60858154296875
		}
	},
	"parts8": {
		"0": {
			"x": -103.6,
			"y": -99.1,
			"r": 0,
			"g": "txt0",
			"scaleX": 1,
			"scaleY": 1
		},
		"1": {
			"x": -255.25,
			"y": -9.1,
			"r": 0,
			"g": "txt1",
			"scaleX": 1,
			"scaleY": 1
		},
		"2": {
			"x": -154.7,
			"y": -28.35,
			"r": 15.002182006835938,
			"g": "BallClipMsg",
			"scaleX": 2.3785552978515625,
			"scaleY": 2.378509521484375
		},
		"3": {
			"x": 216.7,
			"y": -26.45,
			"r": 143.99928283691406,
			"g": "BallClipMsg",
			"scaleX": 2.378387451171875,
			"scaleY": 2.3784027099609375
		}
	},
	"parts9": {
		"0": {
			"x": -146.1,
			"y": -109.1,
			"r": 0,
			"g": "txt0",
			"scaleX": 1,
			"scaleY": 1
		},
		"1": {
			"x": -155.5,
			"y": -19.1,
			"r": 0,
			"g": "txt1",
			"scaleX": 1,
			"scaleY": 1
		},
		"2": {
			"x": -154.7,
			"y": -28.35,
			"r": 15.002182006835938,
			"g": "BallClipMsg",
			"scaleX": 2.3785552978515625,
			"scaleY": 2.378509521484375
		},
		"3": {
			"x": 216.7,
			"y": -26.45,
			"r": 143.99928283691406,
			"g": "BallClipMsg",
			"scaleX": 2.378387451171875,
			"scaleY": 2.3784027099609375
		}
	},
	"parts10": {
		"0": {
			"x": -81.6,
			"y": -59.85,
			"r": 0,
			"g": "txt0",
			"scaleX": 1,
			"scaleY": 1
		},
		"1": {
			"x": -124.6,
			"y": 10.15,
			"r": 0,
			"g": "txt1",
			"scaleX": 1,
			"scaleY": 1
		},
		"2": {
			"x": -113.05,
			"y": -3.15,
			"r": 75.00270080566406,
			"g": "BallClipMsg",
			"scaleX": 1.6376495361328125,
			"scaleY": 1.6376190185546875
		}
	},
	"parts11": {
		"0": {
			"x": -116.3,
			"y": -67.05,
			"r": 0,
			"g": "txt0",
			"scaleX": 1,
			"scaleY": 1
		},
		"1": {
			"x": -95.1,
			"y": 2.95,
			"r": 0,
			"g": "txt1",
			"scaleX": 1,
			"scaleY": 1
		},
		"2": {
			"x": -2.15,
			"y": -13.4,
			"r": 75.00189208984375,
			"g": "BallClipMsg",
			"scaleX": 2.72705078125,
			"scaleY": 2.7269744873046875
		}
	},
	"parts12": {
		"0": {
			"x": -167.7,
			"y": -31.85,
			"r": 0,
			"g": "txt0",
			"scaleX": 1,
			"scaleY": 1
		},
		"1": {
			"x": 165.9,
			"y": -3.15,
			"r": 75.00270080566406,
			"g": "BallClipMsg",
			"scaleX": 1.6376495361328125,
			"scaleY": 1.6376190185546875
		}
	},
	"parts13": {
		"0": {
			"x": -143.6,
			"y": -31.85,
			"r": 0,
			"g": "txt0",
			"scaleX": 1,
			"scaleY": 1
		},
		"1": {
			"x": -124.05,
			"y": -3.15,
			"r": 75.00270080566406,
			"g": "BallClipMsg",
			"scaleX": 1.6376495361328125,
			"scaleY": 1.6376190185546875
		}
	},
	"parts14": {
		"0": {
			"x": -117.6,
			"y": -31.85,
			"r": 0,
			"g": "txt0",
			"scaleX": 1,
			"scaleY": 1
		},
		"1": {
			"x": -113.05,
			"y": -3.15,
			"r": 75.00270080566406,
			"g": "BallClipMsg",
			"scaleX": 1.6376495361328125,
			"scaleY": 1.6376190185546875
		}
	},
	"parts15": {
		"0": {
			"x": -151.75,
			"y": -70.1,
			"r": 0,
			"g": "txt0",
			"scaleX": 1,
			"scaleY": 1
		},
		"1": {
			"x": -186.55,
			"y": -0.1,
			"r": 0,
			"g": "txt1",
			"scaleX": 1,
			"scaleY": 1
		},
		"2": {
			"x": -163.75,
			"y": -14.55,
			"r": 15.001373291015625,
			"g": "BallClipMsg",
			"scaleX": 1.8005828857421875,
			"scaleY": 1.800506591796875
		},
		"3": {
			"x": 161.15,
			"y": -7.25,
			"r": 165,
			"g": "BallClipMsg",
			"scaleX": 1.8005828857421875,
			"scaleY": 1.800506591796875
		}
	},
	"match15": {
		"x": 400,
		"y": 140
	},
	"match16": {
		"x": 400,
		"y": 340
	},
	"match14": {
		"x": 530,
		"y": 215
	},
	"match12": {
		"x": 600,
		"y": 317
	},
	"match11": {
		"x": 600,
		"y": 113
	},
	"match9": {
		"x": 200,
		"y": 113
	},
	"match10": {
		"x": 200,
		"y": 317
	},
	"match13": {
		"x": 270,
		"y": 215
	},
	"match8": {
		"x": 730,
		"y": 368
	},
	"match7": {
		"x": 730,
		"y": 266
	},
	"match6": {
		"x": 730,
		"y": 164
	},
	"match5": {
		"x": 730,
		"y": 62
	},
	"match4": {
		"x": 70,
		"y": 368
	},
	"match3": {
		"x": 70,
		"y": 266
	},
	"match2": {
		"x": 70,
		"y": 164
	},
	"match1": {
		"x": 70,
		"y": 62
	},
	"control0":{
"0":{"x":220.8,"y":-120.9,"r":0,"g":"txt_action","scaleX":1,"scaleY":1},
"1":{"x":220.8,"y":-153.5,"r":0,"g":"txt_supershot","scaleX":1,"scaleY":1},
"2":{"x":148,"y":-119.2,"r":0,"g":"txt_D","scaleX":1,"scaleY":1},
"3":{"x":116,"y":-119.2,"r":0,"g":"txt_S","scaleX":1,"scaleY":1},
"4":{"x":83,"y":-119.2,"r":0,"g":"txt_A","scaleX":1,"scaleY":1},
"5":{"x":112.65,"y":-153.2,"r":0,"g":"txt_W","scaleX":1,"scaleY":1},
"6":{"x":196.25,"y":-119.2,"r":0,"g":"txt_L","scaleX":1,"scaleY":1},
"7":{"x":195.45,"y":-153.2,"r":0,"g":"txt_K","scaleX":1,"scaleY":1},
"8":{"x":203.9,"y":-106.5,"r":0,"g":"keybrd_plate","scaleX":0.7476043701171875,"scaleY":0.7476043701171875},
"9":{"x":203.9,"y":-140.6,"r":0,"g":"keybrd_plate","scaleX":0.7476043701171875,"scaleY":0.7476043701171875},
"10":{"x":157.65,"y":-106.5,"r":0,"g":"keybrd_plate","scaleX":0.7476043701171875,"scaleY":0.7476043701171875},
"11":{"x":91.15,"y":-106.5,"r":0,"g":"keybrd_plate","scaleX":0.7476043701171875,"scaleY":0.7476043701171875},
"12":{"x":124.55,"y":-140.9,"r":0,"g":"keybrd_plate","scaleX":0.7476043701171875,"scaleY":0.7476043701171875},
"13":{"x":124.55,"y":-106.5,"r":0,"g":"keybrd_plate","scaleX":0.7476043701171875,"scaleY":0.7476043701171875},
"14":{"x":-196,"y":-119.2,"r":0,"g":"txt_X","scaleX":1,"scaleY":1},
"15":{"x":-195,"y":-153.2,"r":0,"g":"txt_Z","scaleX":1,"scaleY":1},
"16":{"x":-187.1,"y":-106.5,"r":0,"g":"keybrd_plate","scaleX":0.7476043701171875,"scaleY":0.7476043701171875},
"17":{"x":-187.1,"y":-140.6,"r":0,"g":"keybrd_plate","scaleX":0.7476043701171875,"scaleY":0.7476043701171875},
"18":{"x":-234.45,"y":-105.45,"r":89.99301147460938,"g":"arrow_help","scaleX":0.7476043701171875,